<?xml version="1.0" encoding="UTF-8" ?>
<!DOCTYPE mapper PUBLIC "-//mybatis.org//DTD Mapper 3.0//EN"
"http://mybatis.org/dtd/mybatis-3-mapper.dtd">

<mapper namespace="com.oracle.S20220604.MainLoginMapper">

	<!--로그인-->
	
	<select id="pms_selectLogin" parameterType="Member" resultType="Member">
		select *
		from member
		where user_id = #{user_id}
		and user_pw = #{user_pw}
	
	</select>
	
	<!--아이디 찾기  -->
	
	<select id="pms_findId" parameterType="Member" resultType="Member">
		select *
		from member
		where user_name = #{user_name}
		and email = #{email}
	
	</select>
	<!--비밀번호찾기  -->
	
	<select id="pms_findPw" parameterType="Member" resultType="Member">
		select *
		from member
		where user_id = #{user_id}
		and user_name = #{user_name}
		and email = #{email}
	</select>
	
	<!--임시비밀번호로 비밀번호바꾸기-->
	
	<update id="pms_updateTempPw" parameterType="Member" >
		update Member set user_pw = #{user_pw}
		where 			  user_id = #{user_id}
	</update>
	
	<!--아이디중복 ajax-->
	
	<select id="pms_checkId" parameterType="Member" resultType="Member">
		select *
		from member
		where user_id = #{user_id}
	</select>
	
	<!--회원가입-->
	<insert id="pms_joinInsert" parameterType="Member">
		insert into member(user_id, user_pw, user_name, email, con_tel,
						   con_addr1, con_addr2, m_level,join_date)
				    values(#{user_id}, #{user_pw}, #{user_name}, #{email}
            			 , #{con_tel}, #{con_addr1},#{con_addr2},1,sysdate)
	</insert>
</mapper>
