<?xml version="1.0" encoding="UTF-8"?>
<!DOCTYPE configuration PUBLIC "-//mybatis.org//DTD Config 3.0//EN"
"http://mybatis.org/dtd/mybatis-3-config.dtd">

<configuration>
	<typeAliases>
	  	<typeAlias alias="Payment" 			type="com.oracle.S20220604.model.Payment"/>
		<typeAlias alias="Product" 			type="com.oracle.S20220604.model.Product"/> <!-- 타입 안에 있는 것을 Product라고 부르겠다는 의미 -->
		<typeAlias alias="Product_Info" 	type="com.oracle.S20220604.model.Product_Info"/> <!-- 타입 안에 있는 것을 Product_Info"라고 부르겠다는 의미 -->
		<typeAlias alias="Message" 			type="com.oracle.S20220604.model.Message"/>
		<typeAlias alias="Member" 			type="com.oracle.S20220604.model.Member"/>
		<typeAlias alias="Banner" 			type="com.oracle.S20220604.model.Banner"/>
		<typeAlias alias="Board" 			type="com.oracle.S20220604.model.Board"/>
		<typeAlias alias="Coupon" 			type="com.oracle.S20220604.model.Coupon"/>
		<typeAlias alias="Faq" 				type="com.oracle.S20220604.model.Faq"/>
		<typeAlias alias="IncomeVO" 		type="com.oracle.S20220604.model.IncomeVO"/>
		<typeAlias alias="MemberChk" 		type="com.oracle.S20220604.model.MemberChk"/>
	</typeAliases>
</configuration>