<?xml version="1.0" encoding="UTF-8" ?>
<!DOCTYPE mapper PUBLIC "-//mybatis.org//DTD Mapper 3.0//EN"
"http://mybatis.org/dtd/mybatis-3-mapper.dtd">

<mapper namespace="com.oracle.S20220604.model">

	<select id="mjBoardTotal" resultType="int">
		select count(*) from board 
	</select>
	
	<select id="mjBoardList" parameterType="Board" resultType="Board">
		select * 
		from   ( select rownum rn, a.*
		 		 from   (select * from board order by board_category, board_num desc) a
			    )
		where rn between #{start} and #{end}   
	</select>
	
	<insert id="mjBoardInsert" parameterType="Board">
		insert into board values(seq_board_num.nextval, #{board_category}, #{board_subject}, #{board_content}, 'admin', sysdate, 0)
	</insert>
	<update id="mjBoardHits" parameterType="int">
		update board set board_hits = board_hits+1 where board_num = #{board_num}
	</update>
	<select id="mjBoardDetail" parameterType="int" resultType="Board">
		select * from board where board_num=#{board_num} 
	</select>
	
	<select id="mjBannerBoard" resultType="Board">
		select * from board order by board_num desc
	</select>
</mapper>